{
  "project_info": {
    "project_number": "142677542622",
    "firebase_url": "https://instapark-e5d07.firebaseio.com",
    "project_id": "instapark-e5d07",
    "storage_bucket": "instapark-e5d07.appspot.com"
  },
  "client": [
    {
      "client_info": {
        "mobilesdk_app_id": "1:142677542622:android:e467c35138826e47fe644f",
        "android_client_info": {
          "package_name": "com.example.instapark"
        }
      },
      "oauth_client": [
        {
          "client_id": "142677542622-sd6l67f33gtdnrpaeqsb55oujb9gv06c.apps.googleusercontent.com",
          "client_type": 1,
          "android_info": {
            "package_name": "com.example.instapark",
            "certificate_hash": "279d42e9a22744a865f19c1c7bcf530c5de1a5b9"
          }
        },
        {
          "client_id": "142677542622-k1cii3ndsmkc89h00snt2ureagqt4i5u.apps.googleusercontent.com",
          "client_type": 3
        }
      ],
      "api_key": [
        {
          "current_key": "AIzaSyCRAPQaCOjFOSXT7mvpemdkVCKDC1BqRPI"
        }
      ],
      "services": {
        "appinvite_service": {
          "other_platform_oauth_client": [
            {
              "client_id": "142677542622-k1cii3ndsmkc89h00snt2ureagqt4i5u.apps.googleusercontent.com",
              "client_type": 3
            }
          ]
        }
      }
    }
  ],
  "configuration_version": "1"
}